peptide,mhc_class,mhc_restriction,is_potential_contaminant
AAAAAAAAAATY,I,,True
AAAAAAAQSVY,I,B*15:01,False
AAAAAAQSVY,I,B*15:01,False
AAFAYTVKY,I,B*15:01,False
AAFPGASLY,I,B*15:01,False
AAIGLVIYY,I,A*26:01,False
AANPHSFVF,I,B*15:01,False
AARALLPLL,I,B*07:02,False
AASPVVAEY,I,B*15:01,False
AAVSFISKF,I,A*26:01,False
ADLINNLGTIAK,I,,True
ADSGEGDF,I,,True
AFDEIVALGY,I,A*01:01,False
AFFAERLYY,I,B*15:01,False
AFGAVEAISDR,I,,True
AFIHISTAY,I,B*15:01,False
AFPHIKHNY,I,A*26:01,False
AFTDLHLRY,I,A*01:01,False
AFYKISTLY,I,B*15:01,False
AGFAFRQTY,I,B*15:01,False
AGFAGDDAPR,I,,True
AGFTKAAL,I,,True
AGGGFGSRS,I,,True
AGHLSTAQY,I,B*15:01,False
AGHNIDTCY,I,B*15:01,False
AGKTVVAEY,I,B*15:01,False
AGLQFPVGR,I,,True
AHYDLRHT,I,,True
AHYDLRHTF,I,B*15:01,False
AHYNLQNAF,I,,True
AIDQLHLEY,I,A*01:01,False
AIHDVFSQY,I,B*15:01,False
AIIERTASF,I,B*15:01,False
AIITTHLQY,I,B*15:01,False
AIKDFVLKY,I,B*15:01,False
AIKILKGEY,I,B*15:01,False
AIKKPSGDDRY,I,B*15:01,False
AINEKLGQY,I,B*15:01,False
AIQAVLSLY,I,B*15:01,False
AIRNDEEL,I,,True
AKAGITTTL,I,,True
AKAPPTACY,I,B*15:01,False
AKARLNQYF,I,,True
AKAVTQAL,I,,True
AKFDGILGM,I,,True
AKFFTESRL,I,,True
AKFGNKEEY,I,B*15:01,False
AKFGSKEEY,I,B*15:01,False
AKFIASTGM,I,,True
AKIKAAQY,I,,True
AKIKSLTEY,I,B*15:01,False
AKINETDTF,I,,True
AKIVPKISY,I,B*15:01,False
AKKDPQEGY,I,B*15:01,False
AKKGPSTPY,I,B*15:01,False
AKKISQLGY,I,B*15:01,False
AKKKANLQY,I,B*15:01,False
AKKPPVTF,I,,True
AKKSEASGF,I,,True
AKLEERTGY,I,B*15:01,False
AKLKGIGEY,I,B*15:01,False
AKLKKFIAY,I,B*15:01,False
AKNKDQGTY,I,B*15:01,False
AKNNVVINY,I,B*15:01,False
AKPGTYVIY,I,B*15:01,False
AKPRLLVLY,I,B*15:01,False
AKPRNLNVSF,I,B*07:02,False
AKPRNQGGY,I,,True
AKQESTEY,I,,True
AKQRLQQLF,I,,True
AKRKTVTAM,I,B*07:02,False
AKRQLVTLF,I,B*15:01,False
AKSMKVPVY,I,B*15:01,False
AKSTLRVLY,I,B*15:01,False
AKSVGPLQY,I,B*15:01,False
AKTHTTAL,I,,True
AKTQGGHVY,I,B*15:01,False
AKVDLNSNGF,I,,True
AKVENACY,I,,True
AKVIQTAF,I,,True
AKVKFEERY,I,,True
AKVKQRIDY,I,,True
AKYKNQVVY,I,B*15:01,False
AKYPHVEDY,I,B*15:01,False
AKYYTRITM,I,,True
ALGALDTALY,I,A*01:01,False
ALLDSQFSY,I,B*15:01,False
ALQDTLALY,I,B*15:01,False
ALQLNNRQI,I,,True
ALSPVRGCY,I,B*15:01,False
ALSSLGHVY,I,B*15:01,False
ALYDKALGY,I,B*15:01,False
AMGIMNSFVNDIFER,I,,True
AMMGSTHIY,I,B*15:01,False
ANGLPKHSY,I,A*01:01,False
APAPPPPPP,I,B*07:02,False
APAPTAVVL,I,B*07:02,False
APAPVGPLVGL,I,B*07:02,False
APARLFAL,I,B*07:02,False
APARLFALL,I,B*07:02,False
APATQVAQVTL,I,B*07:02,False
APAVTPAVL,I,B*07:02,False
APEEHPVLL,I,B*07:02,False
APFDREPFTL,I,B*07:02,False
APFEPLASGIL,I,B*07:02,False
APFLRNVEL,I,B*07:02,False
APFNTALKL,I,B*07:02,False
APFRSEVCF,I,B*07:02,False
APFTAGTSL,I,B*07:02,False
APIAKVGVL,I,B*07:02,False
APIQGSRNLL,I,B*07:02,False
APLDLSKIKL,I,B*07:02,False
APLDSIHSL,I,B*07:02,False
APLKLQMEF,I,B*07:02,False
APLPVKSIVL,I,B*07:02,False
APPPPPPPP,I,B*07:02,False
APRAVFPSI,I,B*07:02,False
APRGDKEEL,I,B*07:02,False
APRPGVLLL,I,B*07:02,False
APRPVAVAV,I,B*07:02,False
APRTVALTAL,I,B*07:02,False
APRVPVQAL,I,B*07:02,False
APSTIIFHL,I,B*07:02,False
APTGAGKTNVAL,I,B*07:02,False
APTGTTIKF,I,B*07:02,False
APVGPLVGL,I,B*07:02,False
APYGGPIAL,I,B*07:02,False
APYSRPKQL,I,B*07:02,False
AQAFIHNSLY,I,B*15:01,False
AQDAGYRMY,I,B*15:01,False
AQFEGIVTDLIR,I,,True
AQFETKKLY,I,B*15:01,False
AQGPTPRYF,I,B*15:01,False
AQIKFLNTY,I,B*15:01,False
AQIVHAISY,I,B*15:01,False
AQKSISQHY,I,B*15:01,False
AQLGLGHSY,I,B*15:01,False
AQNAVRLHY,I,B*15:01,False
AQNSVRLNY,I,B*15:01,False
AQQKNLEGY,I,B*15:01,False
AQRDAQELY,I,B*15:01,False
AQRQDIAF,I,B*15:01,False
AQYEDIAQK,I,,True
ASGVAVSDGVIK,I,,True
ASHPPVEGSY,I,B*15:01,False
ASKSLLNRY,I,B*15:01,False
ASNPRQAAY,I,B*15:01,False
ASQKGMSVY,I,B*15:01,False
ASYAVQAKY,I,B*15:01,False
ASYAVQSKY,I,B*15:01,False
ATAGDIAHYY,I,A*01:01,False
ATFSSSHRY,I,A*01:01,False
ATKADAAEY,I,B*15:01,False
ATKGPSYEDLY,I,A*01:01,False
ATKLIQNNHY,I,A*01:01,False
ATLGPAVVPHQY,I,A*01:01,False
ATNASVFKY,I,A*01:01,False
ATNEKLSVY,I,B*15:01,False
ATNPESKVFY,I,A*01:01,False
ATRPEGTDSY,I,B*15:01,False
ATSKSLHSY,I,A*01:01,False
ATVGHFGVY,I,A*26:01,False
ATVQSRGQY,I,A*26:01,False
AVAAASHIY,I,B*15:01,False
AVASKIGHSY,I,B*15:01,False
AVCEVALDY,I,A*01:01,False
AVFDGCHYY,I,A*26:01,False
AVFPSIVGR,I,A*26:01,False
AVFVDLEPTVIDEVR,I,,True
AVGEGFHNY,I,A*26:01,False
AVGGLGKLGK,I,,True
AVGGLGKLGKDA,I,,True
AVGGLGKLGKDAVED,I,,True
AVHDITVAY,I,B*15:01,False
AVIEDTWHY,I,A*26:01,False
AVIKSNHSY,I,B*15:01,False
AVISSVAHY,I,A*26:01,False
AVKIVKNVDRY,I,B*15:01,False
AVLGETLIPHY,I,B*15:01,False
AVLGQHHNY,I,A*26:01,False
AVLKAAAHHY,I,B*15:01,False
AVNGGVSRY,I,A*26:01,False
AVNSIAKRY,I,A*26:01,False
AVNSLISKY,I,A*26:01,False
AVQAKFGDY,I,B*15:01,False
AVQAKYGDY,I,B*15:01,False
AVQKAIAHY,I,B*15:01,False
AVQKAIPMY,I,B*15:01,False
AVQKAKALY,I,B*15:01,False
AVSAVVHEY,I,B*15:01,False
AVSEAAAHKY,I,A*01:01,False
AVVTNPKE,I,,True
AVYPVRSAY,I,B*15:01,False
AYKKQFSQY,I,B*15:01,False
AYSPLHGGSGSY,I,B*15:01,False
AYSSIYGSY,I,A*26:01,False
CPFEDHVKL,I,B*07:02,False
CTKGQVVSGQY,I,A*26:01,False
DAGQISGLNVLR,I,,True
DAVEDLESVGK,I,,True
DAVTYTEHAK,I,,True
DDGSSFKAALL,I,,True
DEAGSEADHEG,I,,True
DEAGSEADHEGTH,I,,True
DEAGSEADHEGTHS,I,,True
DEAGSEADHEGTHST,I,,True
DIQMTQSPSSL,I,,True
DIQMTQSPSTL,I,,True
DIVMTQSPDSL,I,,True
DIVMTQSPDSLA,I,,True
DIVMTQTPLSL,I,,True
DLTDYLMK,I,,True
DNIQGITKPAIR,I,,True
DPMKARVVL,I,B*07:02,False
DSGEGDFLA,I,,True
DSGEGDFLAEGGGVR,I,,True
DSSEEKFL,I,,True
DSSEEKFLR,I,,True
DSTFESKSY,I,A*26:01,False
DSYVGDEAQSK,I,,True
DTFFRPLNV,I,A*26:01,False
DTFSGIGKKFGL,I,,True
DTFSGIGKKFGLL,I,,True
DVSLQLPSR,I,A*26:01,False
DVTAIIFVV,I,A*26:01,False
DVVMTQSPLSL,I,,True
EAFHYIFNV,I,A*26:01,False
EDPQGDAAQKTD,I,,True
EEYTKKLNT,I,,True
EEYTKKLNTQ,I,,True
EIIDFFLGA,I,A*26:01,False
EIIDLVLDR,I,A*26:01,False
EIVLTQSPATL,I,,True
EIVLTQSPGTL,I,,True
ELFTGFIKV,I,A*26:01,False
ELISNASDALDK,I,,True
ENAGEDPGLAR,I,,True
EPLDDYVNTQGASL,I,,True
EPPPPPPPP,I,,True
ESVGKGAVH,I,A*26:01,False
ESVGKGAVHD,I,,True
ESVGKGAVHDV,I,,True
ESVGKGAVHDVK,I,,True
ESVGKGAVHDVKD,I,,True
ESVGKGAVHDVKDV,I,,True
ESVGKGAVHDVKDVL,I,,True
EVIDFSHGL,I,A*26:01,False
EVLGLILRY,I,A*26:01,False
EVQLVESG,I,,True
EVQLVESGG,I,,True
EVQLVESGGG,I,,True
EVQLVESGGGLVKPG,I,,True
EVQLVESGGGLVQPG,I,,True
EYDESGPSIVHR,I,,True
FAAGYNVKF,I,A*26:01,False
FAFDPSVNY,I,A*26:01,False
FAFEHSEEY,I,A*26:01,False
FAIDPHLLLSV,I,,True
FASGLIHRV,I,A*26:01,False
FAYDGKDYL,I,A*26:01,False
FDDVVGETVGKTD,I,,True
FEDENFILK,I,A*01:01,False
FEELNADLFR,I,,True
FFGETSHNY,I,A*01:01,False
FFTHTFPK,I,,True
FIDASRLVY,I,A*01:01,False
FIKDGSSTY,I,B*15:01,False
FIMGKTIEF,I,A*26:01,False
FKALIAAQY,I,B*15:01,False
FKFMPPPTY,I,B*15:01,False
FKFSSKNQL,I,,True
FKFVEQQSY,I,B*15:01,False
FKIPSNTTL,I,,True
FKRISEQF,I,,True
FKSFLKSEF,I,,True
FKTKTTSTF,I,B*15:01,False
FLKVAGMQY,I,B*15:01,False
FLNDSYLKY,I,B*15:01,False
FLPHMAYTY,I,A*26:01,False
FLPSELRDEH,I,,True
FNSHVHVEY,I,A*01:01,False
FPNIPGKSL,I,B*07:02,False
FQAILDHTY,I,B*15:01,False
FQNALLVRY,I,B*15:01,False
FQYESKVFY,I,B*15:01,False
FRVPTANVS,I,,True
FSYVSPEL,I,,True
FTSSLSLRY,I,A*01:01,False
FVELGTQPAT,I,,True
FVELGTQPATQ,I,,True
FVKDSGACF,I,B*15:01,False
FVNDIFERI,I,A*26:01,False
FYNQVSTPLL,I,,True
FYNQVSTPLLR,I,,True
FYPELKLAY,I,A*26:01,False
FYRTPNLGY,I,A*26:01,False
FYSEVHPHY,I,A*26:01,False
FYSKLGLQY,I,A*01:01,False
GAMGIMLVY,I,B*15:01,False
GAVHDVKD,I,,True
GAVHDVKDV,I,,True
GAVHDVKDVL,I,,True
GAVHDVKDVLD,I,,True
GAVHDVKDVLDS,I,,True
GAYGQAVRY,I,B*15:01,False
GDEELLRFSN,I,,True
GFAFVQYVNER,I,,True
GFAGDDAPR,I,,True
GFKSHALQLNNRQ,I,,True
GFKSHALQLNNRQI,I,,True
GFSDVDHTY,I,A*01:01,False
GGGGGGGLGSGGSIR,I,,True
GGGGGGLGSGGSIR,I,,True
GGGGGLGSGGSIR,I,,True
GGGGGLGSGGSIRSS,I,,True
GGGGLGSGGSIR,I,,True
GGGGLGSGGSIRSS,I,,True
GGGLGSGGSIR,I,,True
GGGLGSGGSIRSS,I,,True
GGGYTIRNV,I,,True
GGLRAELL,I,,True
GGSKSISIS,I,,True
GGYFRDQKDGY,I,,True
GHAKSRPV,I,,True
GHYAERVGAGAPVYL,I,,True
GHYLGEFSITY,I,B*15:01,False
GKAFNRNSY,I,B*15:01,False
GKAFSCSSY,I,B*15:01,False
GKAFSQKQY,I,B*15:01,False
GKAFSQSSY,I,B*15:01,False
GKAFSRISY,I,B*15:01,False
GKAFSRSSY,I,B*15:01,False
GKAFSRSTY,I,B*15:01,False
GKAFTALCY,I,,True
GKAFTCSSY,I,B*15:01,False
GKAFTRVNY,I,B*15:01,False
GKAKLDVQF,I,,True
GKAPGAEEY,I,B*15:01,False
GKAPLNVQF,I,B*15:01,False
GKASPSPSL,I,,True
GKDAVEDLESVGK,I,,True
GKDDGSSFKAALL,I,,True
GKFKQAETLY,I,B*15:01,False
GKFKTIVSL,I,,True
GKFKVTTKF,I,B*15:01,False
GKFNVLLTTY,I,,True
GKFPSLLTH,I,,True
GKFYEADCY,I,,True
GKGRFAEVY,I,,True
GKGTNRISY,I,,True
GKHQPHKVTQY,I,B*15:01,False
GKIETIEVM,I,,True
GKIQFGYVY,I,B*15:01,False
GKISDARVV,I,,True
GKISKQEAY,I,B*15:01,False
GKKITTYDY,I,,True
GKKQTSGMEY,I,B*15:01,False
GKKVEGTAF,I,B*15:01,False
GKLGGQDSF,I,,True
GKLQKHQAF,I,,True
GKLQKTVSY,I,B*15:01,False
GKLRYTLSY,I,,True
GKMGKGVSF,I,B*15:01,False
GKMNPQSAF,I,B*15:01,False
GKNFSKNIF,I,,True
GKNPDEVSY,I,B*15:01,False
GKNQPSKTY,I,B*15:01,False
GKPNFISRY,I,A*26:01,False
GKPTHFTVY,I,B*15:01,False
GKQKDGTSF,I,B*15:01,False
GKRGGFNTF,I,B*15:01,False
GKRIGVFSY,I,B*15:01,False
GKRTDEAAF,I,,True
GKRVSLSVY,I,B*15:01,False
GKSDSPNVY,I,B*15:01,False
GKSFSRSSF,I,,True
GKSGHILSY,I,B*15:01,False
GKSHIGLVY,I,B*15:01,False
GKSLTTSQY,I,B*15:01,False
GKSNLLSRF,I,,True
GKSSLVLRF,I,,True
GKSSVIQVF,I,B*15:01,False
GKSTSIQSF,I,B*15:01,False
GKTCLLISY,I,,True
GKTFSKSTY,I,,True
GKTIKSISY,I,,True
GKTIQTISF,I,,True
GKTKEGVLY,I,,True
GKTLQVVSF,I,,True
GKTSLITRF,I,,True
GKTSLVLRY,I,,True
GKTSLVQRY,I,,True
GKTSLVVSY,I,B*15:01,False
GKTTQITQY,I,,True
GKTTQLTQY,I,,True
GKTVTTTSY,I,B*15:01,False
GKVGFQSFF,I,,True
GKVGSQSSF,I,B*15:01,False
GKVKLVVRY,I,B*15:01,False
GKVKVGVNGF,I,,True
GKVLTDEQY,I,,True
GKVPVVVSY,I,B*15:01,False
GKVQKHQAF,I,,True
GKVRTDITY,I,B*15:01,False
GKVRVDVTY,I,B*15:01,False
GKVTKSYSF,I,,True
GKVTSIMQF,I,,True
GKYAVIGTY,I,B*15:01,False
GKYEAVERY,I,B*15:01,False
GKYFDKASY,I,B*15:01,False
GKYGSIQY,I,,True
GKYIPKQSF,I,B*15:01,False
GKYKQALLQY,I,B*15:01,False
GKYRSYEEF,I,,True
GKYVSVGAF,I,,True
GLKYVQHTY,I,B*15:01,False
GLNDETYGY,I,A*01:01,False
GMKYIQHTY,I,B*15:01,False
GMNQQAYAY,I,B*15:01,False
GPAATSGAVL,I,B*07:02,False
GPAKVIVQL,I,B*07:02,False
GPLDAQVKL,I,B*07:02,False
GPPPPPGKPQ,I,,True
GPPPPPPPP,I,B*07:02,False
GPQGFAVVRL,I,B*07:02,False
GPTGTGESKCPLM,I,,True
GPVLVKQEL,I,B*07:02,False
GQASGGHYY,I,B*15:01,False
GQEGKYRVY,I,B*15:01,False
GQHVTAALY,I,B*15:01,False
GQIPLHLAAQY,I,B*15:01,False
GQKLIDVNHY,I,B*15:01,False
GQKPGGSDF,I,B*15:01,False
GQKPWSQHY,I,B*15:01,False
GQNKKVMIY,I,B*15:01,False
GQQADLARY,I,B*15:01,False
GQQRCIATY,I,B*15:01,False
GQRKPATSY,I,B*15:01,False
GQRQVGVGY,I,B*15:01,False
GQYGNPLNKY,I,B*15:01,False
GQYPTQPTY,I,B*15:01,False
GQYSTGKTSF,I,B*15:01,False
GRMNCVLATY,I,B*15:01,False
GSAAGGHYY,I,A*01:01,False
GSGSGWSSSRGPY,I,,True
GSRGSSLNDTY,I,A*01:01,False
GSSFIQHYY,I,A*01:01,False
GSSFKAALL,I,,True
GSSFVVARY,I,A*01:01,False
GTAGIFATY,I,A*26:01,False
GTAPPTLALHY,I,A*01:01,False
GTHGVIVVY,I,B*15:01,False
GTHSLYTTY,I,B*15:01,False
GTHTVSVKY,I,B*15:01,False
GTIKDIVTRY,I,A*26:01,False
GTKGLSVNDFY,I,A*01:01,False
GTKMVSADAY,I,A*01:01,False
GTLSESTHKY,I,A*01:01,False
GTQDQIQNAQY,I,A*01:01,False
GTQFLSAAY,I,A*01:01,False
GTQRFLERY,I,A*01:01,False
GVHTVSVKY,I,B*15:01,False
GVMDRGYSY,I,A*26:01,False
GVMDYYLKY,I,A*26:01,False
GVNPHVNHLY,I,B*15:01,False
GVNPRVNHLY,I,B*15:01,False
GVNPYINHLY,I,A*26:01,False
GVSGIFMKY,I,A*26:01,False
GVVDSEDLPLNISR,I,,True
GYAFIEFASFEDAK,I,,True
GYSFTTTAER,I,,True
GYVSLGRL,I,,True
HALQLNNRQ,I,,True
HALQLNNRQI,I,,True
HAVSEGTK,I,,True
HFSVEGQLEFR,I,,True
HGNYTPYKY,I,A*01:01,False
HKANTLVY,I,,True
HKIEAGNEF,I,B*15:01,False
HKYSGKEGDKF,I,,True
HLEINPDHPIVETLR,I,,True
HLEINPDHSIIETLR,I,,True
HLQEALGLPA,I,,True
HNAAVQVYDY,I,A*01:01,False
HNHYTQKSLSLSPG,I,,True
HPNVQKVVL,I,B*07:02,False
HPPPPPPPP,I,B*07:02,False
HQADACHAY,I,B*15:01,False
HQFLQNEY,I,B*15:01,False
HQGVMVGMGQ,I,,True
HQGVMVGMGQK,I,,True
HQITVLHVY,I,B*15:01,False
HQKLGIAY,I,B*15:01,False
HQLPPPPP,I,,True
HQQVIPHVY,I,B*15:01,False
HQVVVAKY,I,B*15:01,False
HSSSLADHEY,I,A*01:01,False
HSSTVAAHY,I,A*01:01,False
HSTYPSHQY,I,A*01:01,False
HTDLSGKVFVFPRE,I,,True
HTINGHNAEV,I,,True
HTSFQEMK,I,,True
HTVELNNMF,I,A*26:01,False
HVIDVKFLY,I,A*26:01,False
HWESASLL,I,,True
HWESASLLR,I,,True
HYTQKSLSLSPG,I,,True
IAISRTPVL,I,B*07:02,False
IAKSGTSEF,I,B*15:01,False
IDTIEIITDR,I,,True
IEVIEIMTDR,I,,True
IFSDLNATY,I,B*15:01,False
IGGIGTVPVGR,I,,True
IGLPYADHNY,I,A*01:01,False
IGWITGHSY,I,B*15:01,False
IHWESASLL,I,,True
IIFDRPLLY,I,B*15:01,False
IIHAVIQEY,I,B*15:01,False
IILQERFLY,I,B*15:01,False
IKAAFKTSY,I,B*15:01,False
IKADHVSTY,I,B*15:01,False
IKDNRVVLF,I,,True
IKGNFHAVY,I,,True
IKHPNSIEY,I,B*15:01,False
IKHSGNITF,I,B*15:01,False
ILAQLNAKY,I,B*15:01,False
ILGPPGSVY,I,B*15:01,False
ILHEPGEDKY,I,B*15:01,False
ILHSIFSSY,I,B*15:01,False
ILKQPSTQSDTY,I,B*15:01,False
ILQEKMYLY,I,A*01:01,False
ILSNCNHTY,I,B*15:01,False
ILSNLTCNNY,I,B*15:01,False
IMKTMQENSTPRED,I,,True
IPARFAGVL,I,B*07:02,False
IPARFAGVLL,I,B*07:02,False
IPFTGNVKL,I,B*07:02,False
IPKSAVGEL,I,B*07:02,False
IPKSAVGTL,I,B*07:02,False
IPPPPPPPP,I,B*07:02,False
IPQRLVNVVL,I,B*07:02,False
IPYHSEVPVSL,I,B*07:02,False
IQAVLSLY,I,B*15:01,False
IQEESLRTY,I,B*15:01,False
IQFEIAHAY,I,B*15:01,False
IQFNLRNLY,I,B*15:01,False
IQNDRQLQY,I,B*15:01,False
IQNPDITSSRY,I,B*15:01,False
IQNPDPAVY,I,B*15:01,False
IQQDTKGDY,I,B*15:01,False
IQRTEAYEY,I,B*15:01,False
ISEQFTAMFR,I,,True
ISGLIYEETR,I,,True
ISKALVAYY,I,B*15:01,False
ISSDTHLLY,I,A*01:01,False
ITKPQNLNDAY,I,A*01:01,False
ITNKLIGCY,I,A*01:01,False
IVAAIQHNY,I,A*26:01,False
IVHDNKDGTY,I,A*01:01,False
IVKDLAEDLY,I,A*01:01,False
IVSSLRLAY,I,B*15:01,False
IVTTVQASY,I,B*15:01,False
IWHHTFYNELR,I,,True
IYADLSLKY,I,A*01:01,False
IYSHVTAAY,I,A*26:01,False
KAAEAAASAYY,I,B*15:01,False
KAALLNQHY,I,B*15:01,False
KAFQKIVVL,I,B*07:02,False
KAFSQSSHLY,I,B*15:01,False
KAISGVHTV,I,,True
KALEAVFGKY,I,A*01:01,False
KALELDSNLY,I,A*01:01,False
KAQLGLGHSY,I,B*15:01,False
KAQSVYSSY,I,B*15:01,False
KAVGGLGK,I,,True
KAVSLFLCY,I,B*15:01,False
KAWAEAEKY,I,B*15:01,False
KAYGASKTF,I,B*15:01,False
KFADDMYSLY,I,A*01:01,False
KFKQISQAY,I,B*15:01,False
KFLEDVKKLY,I,A*01:01,False
KFYNQVSTPLL,I,,True
KFYSVNVDY,I,B*15:01,False
KGFAFVQY,I,,True
KGISDLAQHY,I,B*15:01,False
KGLQIIGTY,I,B*15:01,False
KGQEILHCY,I,A*01:01,False
KGQVTTGQY,I,B*15:01,False
KGQVVSGQY,I,B*15:01,False
KGRDPSSDTY,I,A*01:01,False
KGRIVLGY,I,,True
KGSSAVRVY,I,B*15:01,False
KGTLITHCY,I,A*01:01,False
KGYAFVQY,I,,True
KGYSMIVAY,I,B*15:01,False
KGYTQQLAF,I,B*15:01,False
KIADRFLLY,I,B*15:01,False
KIKTIGSTY,I,B*15:01,False
KILEVVGRY,I,B*15:01,False
KINDQFAGY,I,B*15:01,False
KIQDAQDKLY,I,A*01:01,False
KIQEVFSSY,I,B*15:01,False
KIQGIIAEY,I,B*15:01,False
KIQGSEHLY,I,B*15:01,False
KISNIIKQF,I,B*15:01,False
KITDVIIGF,I,A*26:01,False
KKADIGVAM,I,,True
KKALAAAGY,I,B*15:01,False
KKFFGEFTGF,I,,True
KKFVTQQQY,I,B*15:01,False
KKGPSGYGF,I,,True
KKHSQFIGY,I,B*15:01,False
KKIDASQTEF,I,B*15:01,False
KKIEDLIKY,I,B*15:01,False
KKIEDNNTL,I,,True
KKIIIISDY,I,,True
KKISELDAF,I,,True
KKLTPITY,I,,True
KKLVAASQAALGL,I,,True
KKQTSGMEY,I,B*15:01,False
KKSDPVVSY,I,B*15:01,False
KKSDVEAIF,I,,True
KKSDVETIF,I,,True
KKSEGSLAY,I,B*15:01,False
KKTGKTVSY,I,B*15:01,False
KKVNVQVSF,I,B*15:01,False
KKVTSVVF,I,,True
KKVVKETSY,I,B*15:01,False
KLAEVGRVY,I,B*15:01,False
KLFDKLLEY,I,B*15:01,False
KLFIGGLSF,I,B*15:01,False
KLFPGSPAIY,I,B*15:01,False
KLKDPANFQY,I,B*15:01,False
KLKNVFLAY,I,B*15:01,False
KLLDATHVY,I,B*15:01,False
KLLDAYLLY,I,B*15:01,False
KLLEVIPSQY,I,B*15:01,False
KLNILNNNY,I,B*15:01,False
KLNPVPGSY,I,B*15:01,False
KLNSIGNYY,I,B*15:01,False
KLPDKTLIDLY,I,B*15:01,False
KLQEALMHY,I,B*15:01,False
KLQLITHAY,I,B*15:01,False
KLVELAHQY,I,B*15:01,False
KLYDVETKY,I,B*15:01,False
KMKEIAEAY,I,B*15:01,False
KMKGDYFRY,I,B*15:01,False
KMKGDYYRY,I,B*15:01,False
KMKILLGGY,I,B*15:01,False
KMLEEIMKY,I,B*15:01,False
KMMDSGQIDFY,I,B*15:01,False
KMWEVQTGY,I,B*15:01,False
KPAEYGYVSL,I,B*07:02,False
KPAGPPGILAL,I,B*07:02,False
KPFDQTTISL,I,B*07:02,False
KPGKVVLVL,I,B*07:02,False
KPHPPPPP,I,B*07:02,False
KPKATKEQL,I,B*07:02,False
KPKEADESL,I,B*07:02,False
KPNHTLVLL,I,B*07:02,False
KPPPPPPPP,I,B*07:02,False
KPQTKLLIL,I,B*07:02,False
KPRDVSSVEL,I,B*07:02,False
KPSDAGTYVCL,I,B*07:02,False
KPSSTTPRL,I,B*07:02,False
KQAEELRQY,I,B*15:01,False
KQFADIAYNY,I,B*15:01,False
KQFLDDPKY,I,B*15:01,False
KQFPEVIKY,I,B*15:01,False
KQFTSSTSY,I,B*15:01,False
KQGVVLKY,I,B*15:01,False
KQIESKTAF,I,B*15:01,False
KQIVDRVSY,I,B*15:01,False
KQKALNAGY,I,B*15:01,False
KQKDFLDGVY,I,B*15:01,False
KQKDGTSFGEY,I,B*15:01,False
KQKDLGDGVY,I,B*15:01,False
KQKLVNMGGY,I,B*15:01,False
KQLSDAVYHY,I,B*15:01,False
KQMLSALNY,I,B*15:01,False
KQQASHYLY,I,B*15:01,False
KQQLLIGAY,I,B*15:01,False
KQQNQYQASY,I,B*15:01,False
KQTQIFTTY,I,B*15:01,False
KQTQTFTTY,I,B*15:01,False
KQYDIHNLY,I,B*15:01,False
KQYKVVVY,I,B*15:01,False
KSFSDHGFY,I,A*01:01,False
KSKPVNKDRY,I,A*01:01,False
KSLEELQIGTY,I,A*01:01,False
KSSDLVGSY,I,A*01:01,False
KSTVLQQQY,I,A*01:01,False
KSVYSTHNY,I,B*15:01,False
KTAGLSDLY,I,A*01:01,False
KTEGGKVLY,I,A*01:01,False
KTFEIIVHQY,I,A*01:01,False
KTKEIEQVY,I,B*15:01,False
KTKEVIGTGY,I,A*01:01,False
KTKVIELLY,I,A*01:01,False
KTLGDFAAEY,I,A*01:01,False
KTLPADVQNYY,I,A*01:01,False
KTLPETSLPNY,I,A*01:01,False
KTMLLIAHY,I,B*15:01,False
KTMQENSTPRED,I,,True
KTNPEVHNY,I,A*01:01,False
KTQDQISNIKY,I,A*01:01,False
KTQTIHSTY,I,B*15:01,False
KTQVTVQY,I,A*01:01,False
KTQYEEHIY,I,A*01:01,False
KTSQLSYYY,I,A*01:01,False
KTSWNNHSY,I,A*01:01,False
KTTAIIAEY,I,A*01:01,False
KTTNVRQTY,I,B*15:01,False
KTTSVISHTY,I,A*01:01,False
KTVAGGAWTY,I,B*15:01,False
KTVEVGRAY,I,B*15:01,False
KVADMALHY,I,B*15:01,False
KVADWTGATY,I,B*15:01,False
KVEQAVETEPEPEL,I,,True
KVFDPEGKGVL,I,,True
KVFPGGSHTY,I,B*15:01,False
KVIDQQNGLY,I,A*01:01,False
KVIQSVANY,I,B*15:01,False
KVKAIANLY,I,B*15:01,False
KVKKSDKGDFY,I,A*01:01,False
KVKLLIGAY,I,B*15:01,False
KVKSLTQVY,I,B*15:01,False
KVLAQQGEY,I,B*15:01,False
KVLDIPSKY,I,B*15:01,False
KVLDKLLLY,I,B*15:01,False
KVLPYYSSY,I,B*15:01,False
KVLQRNCAAY,I,B*15:01,False
KVNDILELY,I,B*15:01,False
KVQDAFISY,I,B*15:01,False
KVQYVIQGY,I,B*15:01,False
KVRAVIGSTY,I,B*15:01,False
KVRELELVY,I,B*15:01,False
KVRPSASRY,I,B*15:01,False
KVSGLIKEY,I,B*15:01,False
KVSHVLAAL,I,B*07:02,False
KVTTFEHQY,I,B*15:01,False
KVVSSSIVDKY,I,B*15:01,False
KVYENYPTY,I,B*15:01,False
KVYGPVFTLY,I,B*15:01,False
KVYNIQIRY,I,B*15:01,False
KYFDEHYEY,I,B*15:01,False
KYLGSVDSKY,I,B*15:01,False
KYNACILEY,I,,True
KYQISVNKY,I,,True
LAHEVGWKY,I,A*26:01,False
LALCGAALLY,I,A*01:01,False
LALDLEIATYR,I,,True
LDDYVNTQGASL,I,,True
LDIDNTRMTLDDF,I,,True
LEEYTKKLNT,I,,True
LEEYTKKLNTQ,I,,True
LEKGLDGA,I,,True
LEKGLDGAK,I,,True
LEKGLDGAKK,I,,True
LEVPEGRTNFDND,I,,True
LEVPEGRTNFDNDIA,I,,True
LFQAKYQI,I,,True
LFQHICTAY,I,,True
LGGEGNFNW,I,,True
LGIHEDSTNR,I,,True
LGKDAVED,I,,True
LGKDAVEDL,I,,True
LGKDAVEDLESVGK,I,,True
LHFFMPGFAPLTSR,I,,True
LHRAHYDL,I,,True
LISWYDNEFGYSNR,I,,True
LKHGAGVAM,I,,True
LKLPGGSCM,I,,True
LKPGMVVTF,I,,True
LKSPGSVVF,I,B*15:01,False
LLFPDMEA,I,,True
LLGGPSVF,I,,True
LLLPGELAK,I,,True
LLRGPLGDQY,I,B*15:01,False
LLSPILARY,I,B*15:01,False
LMHSIVGSY,I,B*15:01,False
LPAKILVEF,I,B*07:02,False
LPARLNEALL,I,B*07:02,False
LPFGKVTNI,I,B*07:02,False
LPFGKVTNL,I,B*07:02,False
LPFGKVTNLL,I,B*07:02,False
LPLPNFSSL,I,B*07:02,False
LPLVIGSRSGL,I,B*07:02,False
LPNIQAVLL,I,B*07:02,False
LPPPPPPPP,I,B*07:02,False
LPQDVILKF,I,B*07:02,False
LPQGPLGTSF,I,B*07:02,False
LPVRAPLSTL,I,B*07:02,False
LPYNHQHEY,I,A*26:01,False
LQHALAQSY,I,B*15:01,False
LQKANQEQY,I,B*15:01,False
LQLQVFQL,I,,True
LQRLVNLY,I,B*15:01,False
LQTLVLHQY,I,B*15:01,False
LSALEEYTKKLNTQ,I,,True
LSFFVGYGV,I,,True
LSSPVTKSF,I,B*15:01,False
LSYFVELGTQPAT,I,,True
LSYFVELGTQPATQ,I,,True
LTGYIKGIF,I,,True
MALGLALRY,I,A*26:01,False
MAWLVDHVY,I,A*01:01,False
MIEVPVLSDD,I,,True
MQIFVKTLTGKTITL,I,,True
MTHNLLLNY,I,A*26:01,False
MTNPHNHLY,I,A*01:01,False
MVKDVIGSY,I,A*26:01,False
MVTEIRLKY,I,A*26:01,False
NAAKIFNLY,I,A*26:01,False
NAGEDPGLAR,I,,True
NAGVEGSLIVEK,I,,True
NFTEVHPDY,I,A*26:01,False
NGFKSHALQ,I,,True
NGFKSHALQL,I,,True
NGFKSHALQLN,I,,True
NGFKSHALQLNN,I,,True
NGFKSHALQLNNR,I,,True
NGFKSHALQLNNRQ,I,,True
NGFKSHALQLNNRQI,I,,True
NHYTQKSLSLSPG,I,,True
NISNVSHNY,I,A*26:01,False
NKFYSGTGY,I,,True
NKKPTSAAY,I,B*15:01,False
NKVALSECY,I,,True
NKVISSVSY,I,B*15:01,False
NKYLTAEAF,I,,True
NLGGSKSISIS,I,,True
NNLDEDLIRKLAY,I,,True
NPASKVIAL,I,B*07:02,False
NPNSKIVLL,I,B*07:02,False
NPYNAVIHL,I,B*07:02,False
NSSPLFLHY,I,A*01:01,False
NSSQVVVAV,I,,True
NTIPLFVQL,I,A*26:01,False
NVEIDPEIQ,I,,True
NVTQVRAFY,I,A*26:01,False
NVYCGVHRY,I,A*26:01,False
PAPPPPPPP,I,,True
PEVRPTSAVAA,I,,True
PGLARQAPKPRKQ,I,,True
PGPPPPPPP,I,,True
PHPPPPPPP,I,,True
PIPPPPPPP,I,,True
PLPPPPPPP,I,,True
PPHPPPPPP,I,,True
PPLPPPPPP,I,,True
PPMPPPPPP,I,,True
PPPAPPPPP,I,,True
PPPLPPPPP,I,,True
PPPPPPPPP,I,,True
PPPSPPPPP,I,,True
PPPTPPPPP,I,,True
PPPVPPPPP,I,,True
PPSPPPPPP,I,,True
PPTPPPPPP,I,,True
PPVPPPPPP,I,,True
PQPPPPPPP,I,,True
PRPPPPPPP,I,,True
PSPPPPPPP,I,,True
PTPPPPPPP,I,,True
PVELLVAES,I,,True
PVLKNPDDPDTVD,I,,True
PVPPPPPPP,I,,True
PVRAPAVAV,I,,True
QFSSVVHLY,I,A*26:01,False
QGVNDNEEGFFSAR,I,,True
QKIQDAQDKLY,I,A*01:01,False
QKYAGKDGY,I,,True
QKYPTKVSF,I,B*15:01,False
QMHQLVAAY,I,B*15:01,False
QMKNIVHNY,I,B*15:01,False
QMWISKQEY,I,B*15:01,False
QPASFAIRL,I,B*07:02,False
QPASFAVSL,I,B*07:02,False
QPHQVEQTEL,I,B*07:02,False
QPPPPPPPP,I,B*07:02,False
QQMVVAHQY,I,B*15:01,False
QQVPVPHVY,I,B*15:01,False
QSLYIANHAY,I,B*15:01,False
QSMDSKLSGRY,I,A*01:01,False
QVKEAEGSSAEY,I,A*01:01,False
QVNDAFTHVY,I,A*01:01,False
RAADLVEALY,I,A*01:01,False
RAAPFSLEY,I,B*15:01,False
RAITETHAFY,I,B*15:01,False
RAKGPGGTSDAY,I,B*15:01,False
RANPQLGAY,I,B*15:01,False
RAQAVLQQY,I,B*15:01,False
RDVDPGEHY,I,A*01:01,False
RDYFGAHTY,I,A*01:01,False
RFADSTHRY,I,A*01:01,False
RFHTITTSY,I,B*15:01,False
RFKTITTAY,I,B*15:01,False
RFKVLANQY,I,B*15:01,False
RFNEVAAQY,I,B*15:01,False
RFSLVPHNY,I,B*15:01,False
RFYDLSSKY,I,B*15:01,False
RGQYTGHEY,I,B*15:01,False
RGSAVVGQY,I,B*15:01,False
RGYLARKA,I,,True
RIHWESAS,I,,True
RIHWESASLL,I,,True
RIKAIQLEY,I,B*15:01,False
RIKKVVSIY,I,B*15:01,False
RIMDPYKASY,I,B*15:01,False
RIQEFCEQHY,I,B*15:01,False
RIQQQTHTY,I,B*15:01,False
RIQSKTERGSY,I,B*15:01,False
RISGVDRYY,I,B*15:01,False
RISPTFADAY,I,B*15:01,False
RKAASLKSNY,I,B*15:01,False
RKDDPRLSF,I,B*07:02,False
RKDGSCGVAY,I,,True
RKDPNKLVL,I,B*07:02,False
RKFLDGNEM,I,,True
RKFYKGKKY,I,B*15:01,False
RKIGDTSVSY,I,B*15:01,False
RKITTYVSF,I,B*15:01,False
RKLAAVTY,I,,True
RKLDQVSQF,I,B*15:01,False
RKLTQETTY,I,B*15:01,False
RKNPVTSTY,I,B*15:01,False
RKQATTNVY,I,B*15:01,False
RKSLNSIEF,I,,True
RKTQTVCNF,I,,True
RKVKSTITL,I,,True
RKVVAEVY,I,,True
RKVYSILSL,I,,True
RKYVNGSTY,I,B*15:01,False
RLAELYHGY,I,B*15:01,False
RLEADKAKY,I,A*01:01,False
RLKDFRDAY,I,B*15:01,False
RLKNLVLTY,I,B*15:01,False
RLKPDFIDGY,I,B*15:01,False
RLQEFLTAY,I,B*15:01,False
RLQELSAAY,I,B*15:01,False
RLQGEVAYY,I,B*15:01,False
RLQPFLQRY,I,B*15:01,False
RLQTESGEY,I,B*15:01,False
RLSGGSHSY,I,B*15:01,False
RLSSVSVTY,I,B*15:01,False
RLYGPSSVSF,I,B*15:01,False
RMNCVLATY,I,B*15:01,False
RMQQQLDEY,I,B*15:01,False
RNADVFLKY,I,A*01:01,False
RPAALRLLL,I,B*07:02,False
RPADSMLNVL,I,B*07:02,False
RPAEVGGMQL,I,B*07:02,False
RPAIVQNITF,I,B*07:02,False
RPAQLHIGF,I,B*07:02,False
RPFTSGQTSVTL,I,B*07:02,False
RPILTIITL,I,B*07:02,False
RPLAGGEPVSL,I,B*07:02,False
RPNGVITGL,I,B*07:02,False
RPPGFSPF,I,B*07:02,False
RPPGFSPFR,I,,True
RPQDGVAVL,I,B*07:02,False
RPSGPGPEL,I,B*07:02,False
RPSILGCNIL,I,B*07:02,False
RPTDKPLRL,I,B*07:02,False
RPTGGVGAVAL,I,B*07:02,False
RPVSSTGINF,I,B*07:02,False
RPVTPITNF,I,B*07:02,False
RPYSQVNVL,I,B*07:02,False
RQAHLTNQY,I,B*15:01,False
RQAIGLMGY,I,B*15:01,False
RQFMAETQF,I,B*15:01,False
RQFSITASY,I,B*15:01,False
RQGFVPAAY,I,B*15:01,False
RQKDVDKEFY,I,B*15:01,False
RQKELESNY,I,B*15:01,False
RQKQGVVLKY,I,B*15:01,False
RQLEDILSTY,I,B*15:01,False
RQLGSLSKY,I,B*15:01,False
RQLIVKEY,I,B*15:01,False
RQNLLSQSHAY,I,B*15:01,False
RQQDGLLRGGY,I,B*15:01,False
RQQETEHVY,I,B*15:01,False
RQQQSQTAY,I,B*15:01,False
RSAGLAFSLY,I,A*01:01,False
RSGGGFSSGSAG,I,,True
RSGGGFSSGSAGI,I,,True
RSGGGFSSGSAGII,I,,True
RSKSSEVTDAY,I,A*01:01,False
RSMGFIGHY,I,B*15:01,False
RSQPVYIQY,I,B*15:01,False
RSSNVSYKY,I,A*01:01,False
RSSPPGHYY,I,A*01:01,False
RSTLVEHVY,I,A*01:01,False
RTKADSVPGTY,I,A*01:01,False
RTKAMVACY,I,B*15:01,False
RTKQPIPAAY,I,B*15:01,False
RTLSGMESY,I,B*15:01,False
RTMPIYPTY,I,B*15:01,False
RTNLIVNY,I,B*15:01,False
RTQILAASY,I,A*01:01,False
RTSDVGGYYY,I,A*01:01,False
RTSPFFSVY,I,B*15:01,False
RTSSLKASY,I,B*15:01,False
RTYGVVAQY,I,A*26:01,False
RVAELEHGSSAY,I,B*15:01,False
RVAGIHKKV,I,,True
RVAMYVHAY,I,B*15:01,False
RVAPEEHPVL,I,B*07:02,False
RVAQLEQVY,I,B*15:01,False
RVASVMQEY,I,B*15:01,False
RVFDHKQGTY,I,B*15:01,False
RVFDKDGNGY,I,B*15:01,False
RVFPYSVFY,I,B*15:01,False
RVGATAAVY,I,B*15:01,False
RVHAYIISY,I,B*15:01,False
RVHLGPGLY,I,B*15:01,False
RVIGSELVQKY,I,B*15:01,False
RVISSGSVASY,I,B*15:01,False
RVIVLSSSHSY,I,B*15:01,False
RVKDLATVY,I,B*15:01,False
RVKDLCQRAEY,I,B*15:01,False
RVKDLDTEKY,I,B*15:01,False
RVKELLVDCY,I,B*15:01,False
RVKETGDLY,I,B*15:01,False
RVKGTNIQENEY,I,B*15:01,False
RVKQKDLGDGVY,I,B*15:01,False
RVKTVTFEY,I,B*15:01,False
RVLPPNWKY,I,B*15:01,False
RVLTTAGSY,I,B*15:01,False
RVNNSLDHEY,I,B*15:01,False
RVQGFQVEY,I,B*15:01,False
RVQPKVTVY,I,B*15:01,False
RVQVVAGKKY,I,B*15:01,False
RVQVVGTY,I,B*15:01,False
RVSEVKPTY,I,B*15:01,False
RVSHINSNY,I,B*15:01,False
RVSNVKSVY,I,B*15:01,False
RVSPSIHGY,I,B*15:01,False
RVVGSELIQKY,I,B*15:01,False
RVYESIGQY,I,B*15:01,False
RVYIGRLSY,I,B*15:01,False
RWYVVQTNY,I,B*15:01,False
RYNSDLGEY,I,,True
RYQYLSAAY,I,,True
RYTDATSKY,I,A*26:01,False
RYTDVSTRY,I,A*26:01,False
RYYSGLIYTY,I,B*15:01,False
SAAEAGGVFHR,I,,True
SAAFPGASL,I,B*07:02,False
SAKEALETDLY,I,A*01:01,False
SAKSRTIG,I,,True
SALEEYTKKLNT,I,,True
SALEEYTKKLNTQ,I,,True
SALGAVIAL,I,B*07:02,False
SAVTFVLTY,I,A*26:01,False
SAYGSVKAY,I,A*26:01,False
SEAEDASL,I,,True
SEAEDASLL,I,,True
SEAEDASLLSFMQG,I,,True
SEETKENEGF,I,,True
SFAARSFYY,I,A*26:01,False
SFARLSLTY,I,B*15:01,False
SFFGETSHNY,I,A*26:01,False
SFGELALIY,I,A*01:01,False
SFHYPDHSY,I,B*15:01,False
SFTDVIGHY,I,A*26:01,False
SFTTTAER,I,,True
SGHAIIAYY,I,B*15:01,False
SGVHTFPAVLQSSGL,I,,True
SGYRSGGGFSSGSAG,I,,True
SHALQLNNRQ,I,,True
SHALQLNNRQIR,I,,True
SHIPQSSSY,I,A*26:01,False
SIFSAVLDELK,I,,True
SIGDIFLKY,I,A*26:01,False
SIHSLAAYY,I,A*26:01,False
SIIATDHTY,I,B*15:01,False
SIIDVYHKY,I,A*26:01,False
SINRIYGFY,I,A*26:01,False
SINSGLHSY,I,B*15:01,False
SIPIPQKL,I,,True
SIPIPQKLFG,I,,True
SISGVTAAY,I,A*26:01,False
SIYRGPSHTY,I,B*15:01,False
SKACVGNAY,I,B*15:01,False
SKAGISEMF,I,,True
SKASQFTGY,I,A*26:01,False
SKFAGGLHF,I,B*15:01,False
SKFGTGNKY,I,B*15:01,False
SKHDAATCF,I,B*15:01,False
SKINPNTAY,I,B*15:01,False
SKKFGDMSY,I,B*15:01,False
SKKPTGLFY,I,B*15:01,False
SKLGPGEKY,I,B*15:01,False
SKLLANMVY,I,B*15:01,False
SKLPIGDVATQY,I,A*01:01,False
SKLPSSIEY,I,B*15:01,False
SKLQNNNVY,I,B*15:01,False
SKMLQHIDY,I,,True
SKNVSGISF,I,B*15:01,False
SKPGVSLVY,I,B*15:01,False
SKQAGQSVF,I,B*15:01,False
SKTQVTVQY,I,B*15:01,False
SKTVSKQQY,I,,True
SKVAIIDTY,I,B*15:01,False
SKVQTAVTM,I,,True
SKYEALQTF,I,B*15:01,False
SKYLHVGY,I,,True
SKYNFENKY,I,B*15:01,False
SLADELALVDVLEDK,I,,True
SLFVSNHAY,I,B*15:01,False
SLRGTSDHEY,I,B*15:01,False
SLYIANHAY,I,B*15:01,False
SMDNNRSLDLD,I,,True
SMHSFLHQY,I,B*15:01,False
SNNKYAASSY,I,A*01:01,False
SPAGSIVHEL,I,B*07:02,False
SPALTISKVLL,I,B*07:02,False
SPASLVGL,I,B*07:02,False
SPFSYKNVL,I,B*07:02,False
SPHAVDGNTVEL,I,B*07:02,False
SPHKNSISL,I,B*07:02,False
SPLFNNVKL,I,B*07:02,False
SPLGDHVGSL,I,B*07:02,False
SPMSADRVVAF,I,B*07:02,False
SPMYSIIT,I,,True
SPNKLYTL,I,B*07:02,False
SPNTVIINEL,I,B*07:02,False
SPPPPPPPP,I,B*07:02,False
SPRLPVGGF,I,B*07:02,False
SPSSKYVKL,I,B*07:02,False
SPSSVTGNAL,I,B*07:02,False
SPTGQPTAL,I,B*07:02,False
SPTKLDVTL,I,B*07:02,False
SPTVTTTL,I,B*07:02,False
SPVELREPNVL,I,B*07:02,False
SQARLLTSF,I,B*15:01,False
SQFGGGSQY,I,B*15:01,False
SQFGTVTRF,I,B*15:01,False
SQHYHQGYY,I,B*15:01,False
SQIRQSTAY,I,B*15:01,False
SQRIFITY,I,B*15:01,False
SQVPVKHVY,I,B*15:01,False
SRQFSSRSG,I,,True
SSFPRFYFV,I,,True
SSIALHHQY,I,A*26:01,False
SSKGLQIIGTY,I,B*15:01,False
SSLLEKGLDG,I,,True
SSLLEKGLDGA,I,,True
SSLLEKGLDGAK,I,,True
SSLLEKGLDGAKK,I,,True
SSLLEKGLDGAKKA,I,,True
SSSGLNSEKVA,I,,True
SSSSLSSHRY,I,A*01:01,False
SSVAVLTQESFAEHR,I,,True
STFESKSYKM,I,A*26:01,False
STFESKSYKMA,I,,True
STKNIFGRY,I,A*26:01,False
STLEHGTSLKTLY,I,A*01:01,False
STMLVTHDY,I,A*26:01,False
STQSLFTACY,I,A*01:01,False
STTAVSARY,I,A*26:01,False
STTAVVTNPKE,I,,True
STYPRPHEY,I,A*26:01,False
SVATLCHVY,I,A*26:01,False
SVKVEQAKY,I,B*15:01,False
SVLDSFLKY,I,A*26:01,False
SVLQHAYSY,I,A*26:01,False
SVMKTYHMY,I,A*26:01,False
SVQGGGQGAHSY,I,B*15:01,False
SVQSIRPPY,I,A*26:01,False
SVSDQFYRY,I,A*26:01,False
SVSGKPQY,I,A*26:01,False
SVSGKPQYM,I,A*26:01,False
SVSPVVRVAV,I,,True
SVTEQDSKDSTYSL,I,,True
SWIQNVDTKY,I,A*01:01,False
SWNNHSYLY,I,A*01:01,False
SYINFELRY,I,A*26:01,False
TAKSVTCTY,I,B*15:01,False
TALHLALQY,I,A*01:01,False
TAMDVVYAL,I,A*26:01,False
TDQVLSVLKGEE,I,,True
TEAPLNPK,I,,True
TFKEQGNAYY,I,A*01:01,False
TFMDHVLRY,I,A*26:01,False
TGIESSSHKY,I,A*01:01,False
THINIVVIGHVDSGK,I,,True
THRIHWESASLL,I,,True
TKAKNVSSY,I,B*15:01,False
TKDGVREVF,I,,True
TKISTHVSF,I,B*15:01,False
TKKVTSVVF,I,B*15:01,False
TKLGVTAEY,I,B*15:01,False
TKLHSRAY,I,,True
TKRGSDELF,I,,True
TKSPTAEEY,I,B*15:01,False
TKVDIKETY,I,B*15:01,False
TKVDRSAAY,I,A*26:01,False
TKVGPNATY,I,B*15:01,False
TKYDAPFVF,I,B*15:01,False
TLEIPGNSD,I,,True
TLKDVFGAY,I,B*15:01,False
TLRSEGFDTY,I,B*15:01,False
TLSESTHKY,I,B*15:01,False
TLTDVAHEY,I,A*26:01,False
TMKDFNHSY,I,B*15:01,False
TMSSSHLFY,I,A*01:01,False
TMSSVKILY,I,B*15:01,False
TNAENEFVTIK,I,,True
TPAAVRELVL,I,B*07:02,False
TPLSSTVTL,I,B*07:02,False
TPPPPPPPP,I,B*07:02,False
TPSQIGVIL,I,B*07:02,False
TPSTEAAHIML,I,B*07:02,False
TPTGIKVVM,I,B*07:02,False
TPVAGSQSL,I,B*07:02,False
TQKSLSLSPG,I,,True
TQQPQQDEMPSPTF,I,,True
TQRSQQLEF,I,B*15:01,False
TQSGIAGGY,I,B*15:01,False
TQSGINGTY,I,B*15:01,False
TQYESKVFY,I,B*15:01,False
TSNPLASHDY,I,A*01:01,False
TTFPRPVTV,I,A*26:01,False
TTSIVEHSY,I,A*01:01,False
TVIQNRQDGSVDF,I,,True
TVKSGDEHHY,I,B*15:01,False
TVKSILAEY,I,A*26:01,False
TVLQNEDTKSG,I,,True
TVNDLSMMKY,I,A*26:01,False
TVQTVRYKY,I,A*26:01,False
TVRKPAVIDAY,I,A*26:01,False
TVTAMDVVYALK,I,,True
TVTEVLLKY,I,A*26:01,False
TVTRQTHQPPAPNSL,I,,True
TVWNVEEHRY,I,A*26:01,False
TYFAVNANY,I,A*26:01,False
VAKAVTQAL,I,B*07:02,False
VAKLILVNF,I,B*15:01,False
VALTGLTVAEYFR,I,,True
VANALAHKY,I,A*01:01,False
VANPNSAIF,I,B*15:01,False
VAPEEHPVL,I,,True
VAVGRALYY,I,A*26:01,False
VAYGKGTYF,I,B*15:01,False
VEDLESVGK,I,,True
VELGTQPAT,I,,True
VELGTQPATQ,I,,True
VFIGTGATGATLY,I,,True
VFLDSHFVY,I,A*01:01,False
VFLENVIR,I,,True
VFLGHTNVEE,I,,True
VFLGHTNVEEL,I,,True
VFNEKGWNY,I,A*01:01,False
VFVATFLRY,I,A*26:01,False
VGAHAGEYGAEAL,I,,True
VGAHAGEYGAEALE,I,,True
VGAHAGEYGAEALER,I,,True
VGGTSDVEVNEK,I,,True
VGITIQHAY,I,B*15:01,False
VGLPFSSHTY,I,B*15:01,False
VGSRVVAKY,I,B*15:01,False
VIADLRNAFY,I,A*01:01,False
VIGDVIRVY,I,B*15:01,False
VIKETQERY,I,B*15:01,False
VIQVGREKY,I,B*15:01,False
VKAELRQYF,I,,True
VKAKSIVF,I,,True
VKAVLAESY,I,B*15:01,False
VKFDAVIGY,I,B*15:01,False
VKFEPGQSY,I,B*15:01,False
VKFGEVISY,I,B*15:01,False
VKFVSTTY,I,B*15:01,False
VKIQKHVTF,I,B*15:01,False
VKKEEGEAF,I,B*15:01,False
VKLKAQTY,I,,True
VKLPSGEDY,I,,True
VKNKIASKY,I,B*15:01,False
VKRISGLIY,I,B*15:01,False
VKRSAAEMY,I,B*15:01,False
VKSLLTSMY,I,B*15:01,False
VKSTVSETF,I,B*15:01,False
VKTGTITTF,I,B*15:01,False
VKTITSVAM,I,,True
VKVDLSEKY,I,B*15:01,False
VKVIQQESY,I,B*15:01,False
VKYEKSAEL,I,,True
VKYIQTDGY,I,,True
VKYTNNEAY,I,B*15:01,False
VLLDYHLNY,I,B*15:01,False
VLLVINHKY,I,B*15:01,False
VLRPFPASY,I,B*15:01,False
VLYDRVLKY,I,B*15:01,False
VMHQIISKY,I,B*15:01,False
VMLGTQLLY,I,B*15:01,False
VNDNEEGFFSAR,I,,True
VNLGGSKSISIS,I,,True
VNVEINVAPGKD,I,,True
VPAGGLVATL,I,B*07:02,False
VPDSSGPERIL,I,B*07:02,False
VPPPPPPPP,I,B*07:02,False
VPQKPKVSL,I,B*07:02,False
VPRAILVDL,I,B*07:02,False
VPVGVTKVIL,I,B*07:02,False
VQAHLGAVF,I,B*15:01,False
VQGIFVEKY,I,B*15:01,False
VQKTIAEN,I,,True
VQQPGQTNFY,I,B*15:01,False
VQQVAAEY,I,B*15:01,False
VQQVHVATY,I,B*15:01,False
VQRGIGTAY,I,B*15:01,False
VQRKGTTSY,I,B*15:01,False
VQRNHETAF,I,B*15:01,False
VQSDLLHKY,I,B*15:01,False
VQSNARLLY,I,B*15:01,False
VRGFSYKGTVTL,I,,True
VSETESRGSESG,I,,True
VSETESRGSESGIFT,I,,True
VSFELFADK,I,,True
VSNPKSFEY,I,A*01:01,False
VTKELTHIY,I,B*15:01,False
VTKPVGGNY,I,B*15:01,False
VTLKDVFGAY,I,B*15:01,False
VTSPIRASY,I,A*26:01,False
VVAVGRALY,I,A*26:01,False
VVESTGVF,I,,True
VVFKGTLKY,I,B*15:01,False
VVHDIPSGSY,I,B*15:01,False
VVHQLAALY,I,B*15:01,False
VVIGMDVAASEFFR,I,,True
VVKDSFLLY,I,B*15:01,False
VVKEIFFHY,I,A*26:01,False
VVLLVINHKY,I,,True
VVNIGTHCY,I,A*01:01,False
VVQQEVVRY,I,B*15:01,False
VVQSVVHLY,I,A*26:01,False
VVQTLRSLY,I,B*15:01,False
VVQTVKASY,I,B*15:01,False
VVRLKGFESY,I,B*15:01,False
VVRNISYKY,I,B*15:01,False
VVTVPSSSL,I,B*07:02,False
VYKERVGEY,I,B*15:01,False
VYKSPASDTY,I,B*15:01,False
VYSRYFTTY,I,,True
VYTSVQAQY,I,A*26:01,False
WDLDPEVRPTSAVAA,I,,True
YAAGVHSVL,I,B*07:02,False
YAFNHSADF,I,A*26:01,False
YAIDNPLHY,I,A*26:01,False
YAKDDPLEF,I,B*15:01,False
YANAKIYKL,I,A*26:01,False
YARVVGSEY,I,B*15:01,False
YASDCASFF,I,A*26:01,False
YFELVQHEY,I,A*01:01,False
YFEYIEENKY,I,A*01:01,False
YFPTQALNFAFK,I,,True
YFVTGNHEY,I,A*26:01,False
YFYDPDVGNFHY,I,A*01:01,False
YHLGVVEAY,I,A*26:01,False
YIDQEELNK,I,A*01:01,False
YKAAAGEDY,I,,True
YKATQKIAF,I,,True
YKIGDLTGY,I,A*26:01,False
YKKQFSQY,I,,True
YKKVNEAQY,I,B*15:01,False
YKMPLSKVTY,I,B*15:01,False
YKNVNVQNF,I,B*15:01,False
YKRVTGTSL,I,B*07:02,False
YKTDLETAF,I,,True
YKVPRNPEL,I,,True
YKYPSDISY,I,B*15:01,False
YKYVSKYSL,I,,True
YLLPAIVHI,I,,True
YLRELLTTM,I,B*15:01,False
YMKEVGVGF,I,B*15:01,False
YQFTGIKKY,I,B*15:01,False
YQKPIIQSEY,I,B*15:01,False
YQLIDCAQY,I,B*15:01,False
YQSKYEEL,I,,True
YRPGTVALR,I,,True
YRSGGGFSSGSAG,I,,True
YRSGGGFSSGSAGI,I,,True
YSLSSVVTVPSSN,I,,True
YSYPTGNHTY,I,B*15:01,False
YTKKLNTQ,I,,True
YTQKSLSLSPG,I,,True
YTVLQNEDTKSG,I,,True
YVANEFLKY,I,A*26:01,False
YVKGGLSTF,I,B*15:01,False
YVYEYPSRY,I,A*26:01,False
YVYPKYLKY,I,A*26:01,False
YVYPLQLKY,I,A*26:01,False
YYINKISSTLY,I,A*01:01,False
YYRYPTGESY,I,B*15:01,False
YYSNKAYQY,I,A*01:01,False
